x,y,ct
0.0,0.0,0.0
28.033800965146252,0.0,3.0
57.87790864463241,0.0,1.0
86.16457178053979,0.0,3.0
113.09495194887236,0.0,2.0
137.8552579727772,0.0,1.0
163.62894526869107,0.0,2.0
190.10251447655475,0.0,1.0
217.7338339279822,0.0,1.0
247.16554958272508,0.0,3.0
275.6938786605223,0.0,2.0
302.0876732127193,0.0,3.0
327.75672084869905,0.0,1.0
348.2600928205716,0.0,1.0
371.79929155630236,0.0,3.0
392.53485491527374,0.0,3.0
422.3108115298653,0.0,2.0
449.37658592712273,0.0,1.0
478.66689114970154,0.0,3.0
503.3943334998718,0.0,3.0
527.9245029910226,0.0,1.0
550.7384243056848,0.0,2.0
578.0124168360886,0.0,2.0
598.5264939684287,0.0,3.0
626.9660640632811,0.0,1.0
647.9803904197149,0.0,3.0
672.5418344040926,0.0,3.0
701.3306545679948,0.0,3.0
729.2254869784309,0.0,1.0
758.2364434088681,0.0,1.0
781.1016630203594,0.0,3.0
804.4475345816111,0.0,1.0
827.9526817401625,0.0,1.0
849.2634245395964,0.0,1.0
877.3466632578273,0.0,3.0
898.1268905024921,0.0,1.0
922.0407999618758,0.0,1.0
950.9042198796798,0.0,3.0
1000.0,0.0,2.0
1000.0,1000.0,2.0
976.041199874204,1000.0,3.0
953.1585294850925,1000.0,1.0
930.7361898963145,1000.0,1.0
905.215080903104,1000.0,0.0
878.6613358833948,1000.0,0.0
849.3777385431008,1000.0,3.0
820.5210782760665,1000.0,1.0
795.1004483103201,1000.0,2.0
767.8443490117676,1000.0,1.0
746.4567909850414,1000.0,1.0
726.0614973155479,1000.0,3.0
702.2850856648737,1000.0,3.0
674.8291387605415,1000.0,3.0
646.3804597603548,1000.0,1.0
619.6404859202678,1000.0,3.0
591.797481538238,1000.0,2.0
566.0133684593304,1000.0,1.0
536.4270456383714,1000.0,1.0
506.5653179440686,1000.0,1.0
476.5955760451211,1000.0,0.0
455.796798210971,1000.0,3.0
430.22781671502975,1000.0,3.0
403.0573405920978,1000.0,3.0
381.9831564798792,1000.0,3.0
359.5222593329871,1000.0,3.0
336.4802763091017,1000.0,3.0
313.64400287362383,1000.0,2.0
283.99012029206745,1000.0,1.0
259.0033417606478,1000.0,3.0
234.8062986817145,1000.0,2.0
211.67880276289617,1000.0,2.0
188.66969152314195,1000.0,1.0
159.6732313350865,1000.0,1.0
136.95554382091532,1000.0,2.0
116.74776479216646,1000.0,2.0
90.08110125250246,1000.0,2.0
61.39549693633281,1000.0,3.0
0.0,1000.0,1.0
111.16507858563341,567.4736003391092,2.0
275.84202610280107,520.3275743215679,2.0
91.92089913188883,427.06508901822406,1.0
592.2907309936743,327.73146691560163,2.0
121.32158711578766,839.4561197252949,3.0
826.5835420691728,423.08460040916,3.0
812.7336447585299,266.34949893909777,3.0
794.782936075626,449.0471458845484,3.0
981.6660793166756,55.55928831225887,0.0
41.99834814134129,141.90293697164626,1.0
985.5932196702855,382.15612385565356,1.0
72.29135808153475,841.5182226252654,0.0
940.0121262239936,264.5689220493838,0.0
808.9881147080089,389.8836202906083,2.0
706.9857676928408,898.7825319598011,0.0
927.4040213699517,812.4207670373336,0.0
214.34603465577194,501.6669778606577,2.0
787.8148498259537,910.9998120273183,0.0
453.0267918896008,938.2041736969783,0.0
472.08076333711904,430.2453281471709,0.0
529.3852553452987,836.308317446747,3.0
987.8209637354423,303.6578650447761,3.0
703.8647212283872,52.98428725716631,1.0
461.95566461115766,124.68536639471661,3.0
945.4559258947626,949.8452372590488,2.0
690.3144076048725,695.3871307461716,1.0
361.44128297622746,479.5864961848342,3.0
218.7537164130623,582.2431486666604,1.0
746.2491126629973,332.88547376555147,1.0
255.78342954022781,484.8010892458937,3.0
568.5859917525646,434.1713709673451,2.0
487.26925671509724,458.04188615975085,0.0
372.6111179982575,91.97979398462675,1.0
960.6381684232889,191.16063304727126,1.0
512.01300684875,804.2830141371097,2.0
558.2442949778664,99.58105720269694,0.0
742.9665529544435,208.10999722885825,2.0
460.1649645818035,961.1395587192815,0.0
993.6808359055656,866.5393049209571,3.0
514.4471623118652,230.5357413370577,3.0
967.7538921847259,497.8396323170634,2.0
572.6815489201404,312.5318921927764,3.0
920.4191401991592,304.88681817631067,3.0
18.781238843440622,184.57267750447264,0.0
699.1000610489534,949.4209306079109,0.0
967.7391141146067,267.8127514942117,3.0
831.4977327376898,315.3477735970813,3.0
277.12315770122495,60.710741812722915,1.0
514.7466441666137,616.2135544067045,0.0
658.8494761729395,779.1229242573526,1.0
174.56752913243614,700.9782676524773,2.0
118.92306187680902,83.9123793810899,0.0
101.65146828295295,32.73032970424417,0.0
875.6848467686117,685.1577355554507,3.0
263.52269184690107,651.2621061617118,3.0
115.51564222025995,467.83330272855983,2.0
247.9112899986561,64.75985624366824,0.0
32.74894541069565,326.8416741152501,2.0
343.1458388184111,355.3712289464135,0.0
549.0536576606969,318.0155027815124,3.0
199.23992105085847,527.1552118923946,2.0
960.1903228288804,20.89941129040516,3.0
327.8463690153471,638.1202099182688,1.0
987.8907390296363,32.457851034315524,0.0
497.9539558453282,867.0710888648708,1.0
44.37678602168386,632.7140266544635,3.0
151.89059343099385,964.6341829966744,3.0
831.97409527933,900.3381187486435,2.0
160.2727000055769,511.8619964233692,1.0
854.230973394045,219.10812021465176,0.0
278.8975605765071,974.5792359858534,2.0
275.67171396316184,370.2578165704146,1.0
554.385835407299,752.4310022141836,1.0
431.0883092342039,647.8026574640312,3.0
142.47124123088713,911.1965223721237,1.0
244.9950720758392,170.83049302006972,2.0
650.3768634091421,139.57123762363378,3.0
773.5890643604719,428.18486713367855,0.0
921.8720858703929,577.1604475105801,0.0
224.14659652832054,806.2268003736016,0.0
452.5112269178539,607.088292713264,1.0
372.4484074972984,214.03783954295128,2.0
569.3922382369841,217.5602249982407,1.0
437.8305799746035,298.2742606420547,2.0
929.5891232594158,651.6835329983305,1.0
961.1201275991675,605.474903604844,3.0
799.9274627097387,621.0584582939622,2.0
523.1094291571031,552.6038761582853,3.0
236.38731205156137,330.72804519264514,3.0
793.4144164728102,948.2303337015559,0.0
395.7701539969566,402.0275929599855,1.0
424.9479567664246,159.8883447717888,0.0
662.6265460895768,401.71202324289015,2.0
210.49045355792606,954.0936762495331,1.0
521.6237751320865,109.77824414921051,1.0
21.355252743369338,883.7011390782042,0.0
401.2110107274898,236.01904298034626,3.0
201.54468635075878,205.35422442438676,0.0
49.22685111698602,303.3437988942971,0.0
917.569790226247,683.0767622254212,1.0
320.9762763618518,699.6119415028028,0.0
146.1524503414444,420.898636307723,2.0
413.41507914638066,281.1968358319305,1.0
498.6186238059931,539.496847626637,3.0
928.0420529169629,541.9258861600485,0.0
234.70659860653163,596.6565186580243,1.0
556.9585505641702,380.7158646639633,2.0
306.2447231796646,233.09114298522562,3.0
975.5042923703106,743.6341600071339,3.0
365.283917096801,598.1370722708783,1.0
869.2627386790108,333.4355314746695,0.0
951.9069547667743,759.5454749262121,1.0
745.2950538515249,899.1852669633097,2.0
963.4442282294351,854.4191051450003,0.0
273.59085263400476,263.80745452372247,3.0
176.74126072636608,46.245956829662376,2.0
327.70261583362907,24.514111903078376,1.0
366.83291470972785,704.6493954185783,0.0
887.3191912336134,717.0013507034744,3.0
216.77165177516503,692.2266667791014,0.0
394.1088227721827,358.0734246198798,0.0
149.02470055319134,588.3817858171041,0.0
49.63433159545264,53.353737303873366,1.0
698.9001262331005,917.6971645118686,0.0
200.53662101842679,572.8163740743628,2.0
884.1064491287001,594.1530750042716,2.0
198.656531860033,673.5087620105519,0.0
216.28239191593792,917.531622166353,2.0
167.27277037958845,895.3706251683454,2.0
725.9529368025957,941.6506074633047,0.0
717.530146652322,696.5857129126889,3.0
21.59550402141606,65.21843958281185,0.0
590.5136922603618,194.5132668812252,1.0
318.64236881373887,320.8461702573946,2.0
132.36252536641354,495.28157861617615,0.0
300.7845675132739,117.40723944003435,3.0
399.3092803784037,67.76854519763859,0.0
172.65061872145708,79.257868766771,2.0
334.0023380079917,894.9884515079804,0.0
350.52113685171,937.9857980745732,2.0
155.05576135413835,559.3386733622601,0.0
82.99942361622925,277.43819106937593,2.0
20.961971358265014,468.1245701024306,1.0
172.75268708496273,136.80811081880776,3.0
312.0924373324714,450.6551661016264,2.0
781.7322615460655,168.62406605826513,2.0
607.6826750496737,520.261831632668,3.0
844.0411091287011,608.3673516755689,1.0
592.4273681376693,827.9691182257455,3.0
381.38990302000457,720.6917375116336,1.0
208.05676633185368,76.36786907624635,3.0
308.182580978363,204.58766770525267,1.0
167.71406354580682,844.6201346414545,2.0
764.1266520781902,854.5326543087514,0.0
887.8844231470409,912.0063512497167,2.0
943.284937991273,362.40179767179745,3.0
243.24276531494934,30.019989562630286,3.0
45.21521968357292,754.429664794124,3.0
265.2463155344195,27.610304622242136,0.0
293.99382703826336,437.7850397765399,3.0
524.15815519246,326.60246001594794,0.0
734.4929808645768,489.2274186277978,3.0
27.069750365974567,532.7390740438527,2.0
666.3872008225255,50.69248552615626,2.0
607.0411783127925,258.2666246316808,3.0
887.4634582684469,667.9806511731282,1.0
855.7817520194573,716.8457182354625,0.0
383.5978367463014,905.2868169177283,3.0
117.65680302786463,511.88149594650025,0.0
799.8800690260549,825.9463398735332,0.0
122.75440940317034,732.9864938583642,2.0
339.8327123280206,869.5808713127752,0.0
655.2887517643485,929.1448967020192,3.0
864.1308652431619,897.9634011644062,3.0
640.7076670079796,635.7673130439448,2.0
926.4159934958022,213.51099985138396,1.0
494.2871260632172,567.0782967104054,0.0
533.1880038733296,296.40054824281793,3.0
945.2230594107907,49.54592130488173,0.0
302.88625698060537,254.15504480010213,2.0
818.7906884020836,372.06479741966467,0.0
15.346062878680462,361.45888174928825,1.0
554.8230847130933,523.4668789956974,3.0
824.9059652950684,783.9652397149379,3.0
79.5603832852738,40.845435734715295,1.0
493.14763284957195,836.3480614924977,0.0
867.6152977046771,579.1620476875704,3.0
987.2582915291284,710.7196458777629,2.0
407.8818883281642,693.9121284178638,2.0
859.8997853875576,973.2387582905263,0.0
197.7648385090927,375.6123870676795,0.0
647.3847721093797,267.28633230015646,2.0
719.4753445695109,722.850775060801,3.0
82.50640132348214,454.6576953205256,0.0
228.46721411634348,438.35991351873815,1.0
677.7769110955624,471.6734579990588,2.0
523.7701242568294,445.20622549683526,0.0
478.39291275124543,709.9706188728792,0.0
846.193724125639,183.01604026999792,1.0
607.1047579536162,790.2421452911138,2.0
649.9277017441965,238.9419805225007,3.0
340.3658645298118,780.715128901068,3.0
654.9256745256965,499.8122877395719,2.0
365.5379302393318,411.17291496614234,1.0
447.4763073226132,875.7709871622881,3.0
955.5851917015494,439.44402086848373,1.0
613.8334049761189,612.6055097207123,0.0
411.6640747579793,537.0620572957276,2.0
797.7008473139733,239.91084382652048,1.0
41.59341105307414,670.6105761616805,1.0
575.6115595461317,880.1168723431617,0.0
797.7324697635746,297.8873516496077,1.0
984.769302344428,474.63319510358133,3.0
62.25402869134151,688.2844039605258,2.0
646.6082055443073,74.40344998045637,0.0
665.3601619934526,375.19334669428144,3.0
821.5820117771523,658.6816126849135,0.0
624.6452257410616,44.13217755418699,3.0
646.1533648050922,37.62814116642304,3.0
451.92160001647096,487.9509357404391,1.0
264.44596893809756,112.08599642434712,2.0
153.08333623487368,72.36464271081279,2.0
624.9324212243963,714.7168789815531,0.0
272.6592193000274,337.19947720248734,2.0
957.8279535595367,581.6976802261908,2.0
277.67797737127694,580.2128059175601,3.0
540.1790822585516,70.46243582644115,1.0
544.863667474643,405.2697763122769,3.0
206.63863012683476,36.57553396253665,3.0
694.0212597297125,499.2759032886171,2.0
660.0377513342049,854.259940144749,0.0
457.3275852590506,279.99811412701945,1.0
190.75422838943282,338.7765042279706,2.0
633.1209558309995,734.4197957674966,0.0
726.7950027337364,841.7896729878704,2.0
126.03388336163563,57.402390490247484,0.0
414.45415085578094,894.1107720567052,0.0
372.2036755764972,756.792044348728,2.0
683.3253960997464,86.59052988862095,3.0
181.63545611540212,767.2744025558934,0.0
791.3639968592261,664.2912944557401,0.0
840.6067339668391,549.8465946503912,1.0
648.6469485718816,613.8800286625305,1.0
293.2051479721983,667.1074703666447,3.0
328.05852646979906,479.8006271532293,2.0
719.4337194779085,91.82692605601835,1.0
889.2718205580803,255.66424668372554,2.0
43.91738645191967,703.3660543829577,2.0
744.2496983228722,299.51284814877533,2.0
973.3698921267829,147.71658639212248,2.0
497.8803454041411,596.4192560456977,0.0
357.02629487670396,253.25268808405525,1.0
880.4756768383971,748.119751458724,0.0
954.7497424722841,117.97001203220435,1.0
274.3099864200046,819.241908088761,2.0
656.2325469526376,652.0217125721086,2.0
219.95627579912298,980.4863729156664,2.0
885.0202478277256,862.5422081847223,2.0
612.590532754139,88.3954038185903,2.0
802.1097624092538,325.8456591914797,0.0
658.098197013551,884.2157646663052,1.0
982.4946451151874,111.14590543975442,3.0
466.63199890280686,255.22008854767148,2.0
982.6832900913315,887.2480879261445,0.0
9.051058140825843,922.8188736452107,3.0
272.9492677746272,856.9148321964897,0.0
101.59751088331986,801.8735706002996,1.0
357.76934932117365,823.4529266490355,2.0
873.2872575124111,531.3267057045613,0.0
494.0310576872029,389.8198576080743,0.0
5.1725923889772405,45.12906466147085,0.0
718.6995138082264,408.9127039924415,0.0
878.2318497969918,120.54657576193387,3.0
41.75777381635903,871.0792910388112,3.0
382.8198775133141,536.2621646229493,0.0
274.9835141048566,762.7358163819966,1.0
203.7300688595114,438.05716927456626,2.0
716.6466658821123,619.6421654746933,2.0
59.451254576819494,430.8640949866775,0.0
802.6871328046101,786.622870640286,0.0
61.510441494481384,887.5170672220129,1.0
232.16846717774172,380.846224192156,3.0
593.0159204488336,869.3627773169817,2.0
843.3858297143684,93.16145411975565,1.0
457.0607226785223,37.36839802301166,0.0
241.50894066574486,851.7058779565444,0.0
803.4754537729228,868.9294240989304,1.0
592.596904229754,157.27031572748507,3.0
557.0358761788702,273.87607454765,3.0
304.11639735510965,840.0450661949504,0.0
527.2216424310964,361.3249056746595,1.0
811.6822210133295,93.849200565473,2.0
59.327596320089924,739.0137569234478,2.0
907.6941052280381,748.3609757803633,0.0
943.8615895556235,690.0092816712743,1.0
590.7680759992269,411.88539412916845,3.0
433.14391160590765,76.33805383152684,0.0
448.89340621722926,172.01812181901232,2.0
176.84418305998918,621.4106278705706,2.0
426.24061538608646,619.6645436799407,2.0
19.138307823902956,395.33247153042913,2.0
555.9009043810648,596.4804765153449,3.0
993.4769379183463,186.7901988809269,3.0
473.2037302099736,167.98696439696806,1.0
15.013129659376755,431.5607867067097,3.0
184.79089905329784,453.4860261589116,1.0
8.356387212890255,202.4839623026415,2.0
675.2656335018645,641.378670736673,0.0
62.10271309173198,768.964707054016,3.0
846.004242122637,583.4909539111455,2.0
442.31178281851464,109.30736184090553,2.0
42.12348769272575,934.7561772474289,1.0
440.8207496718267,346.77342833126244,2.0
437.72078573815065,974.861550389242,0.0
897.7339691048164,341.68049988754416,3.0
214.55020978266842,350.9894131207348,2.0
469.8825811651212,792.4986554845294,1.0
616.9035340793862,665.2110500525476,1.0
937.5841594756897,390.80316641982273,3.0
700.7844503370407,804.0805590080313,1.0
460.11247643740154,376.77468151169273,2.0
126.30411086995144,951.2643215105484,0.0
222.21465030183506,217.0291799821983,0.0
840.0877431051749,871.0704902543685,2.0
288.8419655551178,96.90120892749486,3.0
172.36498744016566,175.59657702873474,3.0
893.8279998831354,64.97928044611129,3.0
438.4468949204741,502.99196316655485,2.0
575.4546246471458,474.7381616028868,3.0
561.5804490941597,698.7179993131779,0.0
469.885019223747,539.9265920763874,3.0
939.5066923368021,729.1978552153095,0.0
627.289453664003,390.36577445041894,1.0
278.09037463921806,727.7069311708697,0.0
784.7483511060091,578.8389130643849,2.0
559.0196938520128,918.9179020875882,0.0
782.4846132529367,27.548722926829182,2.0
677.5799282939201,576.7277273085639,2.0
90.13526596702516,927.4687565481287,2.0
914.9967269319966,892.6082846861749,1.0
667.7039008616831,213.8980571081662,2.0
272.94046657691786,82.15172209823072,1.0
89.05064072647279,194.81362457418996,1.0
254.58923948119423,540.1695972661453,2.0
919.2584759593707,103.18656629419698,1.0
290.32004909294903,386.08514828397887,3.0
815.4127492118229,547.0026733776141,1.0
34.23833302400285,509.92321670880796,0.0
147.1724070232412,280.58721686948434,1.0
221.4354639283484,655.1827437607948,3.0
409.46821998003946,118.77345737332321,0.0
734.2440673324841,664.9765561773805,0.0
529.6226497907754,52.665923870265885,0.0
661.7112633791165,103.20671769622605,0.0
305.3661398840078,559.5514485399148,2.0
306.1871106288374,148.8376431802119,2.0
124.520571987021,881.1839888089406,2.0
70.12967816202185,367.85854123065843,3.0
779.7054413593502,806.4863880371195,0.0
941.5795993907597,914.1193157188045,0.0
135.84238519797395,709.8708618410515,2.0
680.6760418683153,414.9229938989555,2.0
626.1038349380165,227.87827202820662,3.0
759.8634793440445,671.2134557881405,1.0
909.6434373726851,396.5606882560658,1.0
722.2066835505207,145.1740364094743,1.0
312.18003096180144,356.1004436501206,1.0
980.8335761938728,769.3054758349724,1.0
318.57121596410263,865.4487038823305,0.0
755.0615737115759,80.11726405439555,3.0
697.6140801346945,743.2456545856598,3.0
256.77617022583325,780.9404765966276,3.0
717.5127901782978,551.6557714413285,2.0
366.91769436219533,315.3527911738366,1.0
702.0057663236112,179.37042929415338,3.0
127.22446351335654,246.0589684184286,2.0
393.37727916567684,303.8529957146341,1.0
711.1148674829448,980.413265653745,0.0
865.2871846530073,494.0934111598859,0.0
713.3304847467954,871.1641185014208,2.0
675.382198376763,133.65461459718895,3.0
978.8012140993619,328.91868595306846,3.0
344.7720501810198,575.8260538991769,1.0
136.46773908374283,324.00599590402317,2.0
922.161753835658,972.4216099938509,2.0
798.5422209031078,599.6492751990827,2.0
673.0403801420941,282.2449340183786,3.0
150.29576997896413,352.836554047948,0.0
612.1340872531825,429.41115416388516,3.0
788.3961712941514,698.6277375056148,2.0
797.2573534330155,487.77951717213523,2.0
953.5009575042088,240.89303862820344,0.0
431.00833195921456,942.4034267336677,3.0
115.30834834715348,705.498466896461,2.0
386.48628671136987,464.27945314996384,1.0
206.00290807745907,624.4974253510031,1.0
7.372755795914658,668.932305254161,3.0
281.5127982064862,945.9374640057639,2.0
759.2530914533916,317.5665672466382,0.0
524.0244982324015,969.1693734598595,2.0
235.899547948223,777.0525712358406,0.0
856.9382161841514,469.29535989200826,0.0
363.95658221890056,438.31799924448376,2.0
12.33582345755401,17.907122361469536,0.0
510.8352420501976,699.6190686308171,0.0
763.9735298038889,509.7056157625815,0.0
437.2334426285923,838.1289586003948,3.0
679.5436355141719,307.1195933109876,3.0
925.2251938134852,250.3288002397243,0.0
725.7701865026069,172.59170102149963,1.0
949.3292731865346,658.4568305270759,1.0
418.018908280679,570.1161398133088,1.0
510.55227354423664,208.39677588660427,2.0
240.31432033773663,728.2001239472704,1.0
375.57872243816956,174.7028043382259,3.0
776.9592185324088,239.0019390397183,1.0
441.9337578898377,729.748873654814,2.0
136.32342247734869,387.6555341784266,2.0
135.86317859812272,442.24669762074814,2.0
588.6816792719686,247.2746637929884,1.0
305.7396944630263,950.1590459996704,2.0
964.9284088293214,725.5267599502109,0.0
806.6531753218419,210.74981793790496,2.0
62.704764333647425,540.867123389629,3.0
318.74957018575407,754.569162705686,3.0
74.58204555754763,794.0403159646828,3.0
226.04944510297602,306.86034908317265,0.0
855.9703168958808,70.27989536732133,0.0
118.28005533199048,112.73432824407664,1.0
641.6611172296056,822.6777253023569,1.0
825.4168713552089,721.2833177236655,0.0
905.3463789095348,925.8335190532521,2.0
150.77857801348807,147.14561996732957,1.0
625.0736558401923,842.1096073278973,3.0
115.41015274136035,319.72456623778646,3.0
142.71660787554515,789.2913853140188,2.0
517.9177898209297,33.936210279598875,0.0
178.78380702095785,491.8336025240021,2.0
97.84807373456745,874.235216199712,2.0
699.3016139117158,526.082193968923,1.0
962.1084563050941,966.5774622936033,1.0
755.9960802349046,255.97723341093035,0.0
590.3001649511051,930.7289452840259,0.0
492.62321058391217,744.4137456691064,2.0
759.1560056959026,790.1679079078591,3.0
99.19644619290798,296.28181036717353,1.0
671.5532851186697,957.7118581193494,1.0
88.87479075943297,539.0569614264833,1.0
369.3866444212954,341.15866672969037,1.0
824.7181892125495,34.66529056786974,1.0
857.1821970629662,776.1101811602542,2.0
353.57710969146996,378.48197613359713,0.0
628.5812219190274,413.807059970906,1.0
501.49093188077507,293.25536148700013,1.0
537.3603709868866,151.81494507767272,0.0
985.5360102422607,593.8309559816987,2.0
246.1917680999666,456.1173293403803,3.0
315.7084253362682,792.9765353027691,2.0
521.7020714439967,466.8549366643105,2.0
414.81147033026,493.3331095462102,0.0
683.1554129411245,787.4991868652439,1.0
815.7902578867903,685.7038042991841,1.0
605.8434216780979,559.495661829154,3.0
761.9049683452042,966.8984989459975,3.0
886.3624461221433,554.4046141373858,1.0
560.485770780945,161.14365782732196,1.0
509.28981142302115,919.3019419092428,3.0
902.601365728112,436.9524061378218,2.0
790.593085835321,92.74816167966348,2.0
359.85071517280335,631.8205760627378,3.0
751.7286956853918,871.6685086373433,0.0
850.0400661763343,394.88251047050994,1.0
520.0832124783377,876.7615697153602,0.0
401.6122045762426,747.6902273420008,3.0
747.2413474196483,450.95706260414494,3.0
907.2918138418441,871.895872474019,2.0
958.5863191958714,523.2708599494234,0.0
284.8616530613398,226.168969787897,0.0
495.4489436185763,40.748583879369924,0.0
92.12803519976828,499.83882789457846,1.0
468.4748982355998,72.14745687466737,2.0
649.9713360339172,964.4562661267972,3.0
137.85898013806417,467.0051895920564,0.0
173.7215893799007,380.1430060796467,0.0
758.611457418661,106.97651270613072,1.0
709.4503482763224,455.4985328615004,3.0
520.7919896369274,251.71733810889637,1.0
17.750114944703256,701.9125306520336,3.0
377.5173195551174,943.2742658040062,0.0
742.5245889271341,418.6920730944123,3.0
985.2732445765882,426.1806110156218,1.0
890.3260106922752,368.94617878376,0.0
891.4458676375009,409.0122159643957,2.0
849.2527372274585,795.265313760714,1.0
899.8811396969484,219.08675972148774,3.0
983.2919926268534,524.2231578294281,0.0
100.7936495673878,131.5249619280789,0.0
576.9478696196734,83.27626238306304,0.0
244.4946595718666,259.27772705543055,3.0
763.5906434987214,691.4035930342146,2.0
72.53283234632802,870.1643637538449,3.0
17.729397683770372,262.78120277663817,2.0
750.501586997041,770.235331512785,3.0
588.5251030603292,722.9723810244952,0.0
34.650053044980005,576.4338319552959,2.0
640.0947342766962,460.00177605831277,2.0
17.854133154739845,594.5592375547714,3.0
117.52930779808159,909.162736427338,0.0
324.7385697457479,550.9492001819756,2.0
435.97739680416305,440.00202277022197,1.0
629.2858409419729,597.2240935721443,0.0
168.59601149225222,640.2731432332985,3.0
216.73432706586325,132.95077081071395,1.0
579.3218954512201,906.7349534781299,1.0
697.3169419838597,246.62922968375395,2.0
302.6152786113934,536.468039115907,3.0
27.102663345108606,113.36865858509158,1.0
485.4732299634805,216.36378491458444,3.0
135.5334455083612,631.268725694218,2.0
475.2301172243976,588.4362099033065,0.0
160.63129959443245,23.204291768813857,1.0
301.1620852020621,979.3605685703252,1.0
904.5601965449451,533.5658891595355,1.0
986.0841072953418,560.4985505349478,3.0
101.8094685028355,850.3317774649961,2.0
565.2205122433043,673.9084415859646,0.0
188.96270066229474,509.5312351457012,2.0
856.2793670658674,255.2341028506082,0.0
326.9450114333696,832.083593809853,2.0
331.96454813297464,140.276176123547,3.0
42.846149480548334,220.12653440906018,1.0
485.9644889321654,957.3601211638718,0.0
180.96560475644037,910.2521521346708,2.0
734.0674943049996,57.21818052801816,3.0
838.2725159304747,759.0937633769231,2.0
782.4516819303269,385.7789230504137,3.0
276.3012250589944,448.16368847075375,0.0
178.36141231249076,737.8751244472486,1.0
496.61028828264256,485.85795234539023,0.0
471.8383160511923,346.8088498256748,3.0
870.9089725475561,655.3601361355918,1.0
890.015764639859,161.994190085162,3.0
252.9997202325424,614.1842369239831,0.0
805.7767421735127,63.17962667181866,0.0
383.79723086576837,790.3823929324768,2.0
819.8225567405749,461.9866502162709,3.0
915.8560781810212,74.52364612473333,1.0
548.8493547056667,978.9441498791215,3.0
895.2104696688014,957.5442944161047,0.0
660.9548045910368,187.76448191327108,3.0
25.64432124833584,162.75145747333082,0.0
499.2984190251477,269.0175668311882,2.0
279.5968312558844,548.1869064948587,3.0
373.49327148297743,56.386008040718814,0.0
441.63288957423157,395.0070949285132,1.0
713.1281779294148,489.1494669360023,1.0
120.0791881536872,24.100039492474828,3.0
81.66101823112358,726.3053712913255,2.0
477.66035594745784,503.6050014900401,0.0
687.9551452796701,157.24025399298554,2.0
121.02073152600252,141.05945474350466,0.0
15.735119639673322,616.4126137736442,3.0
632.2788329889794,159.78855348861913,1.0
331.9220220217601,975.7971098375709,0.0
824.4914513391639,342.5497283902138,1.0
270.1358349998448,407.3468664515543,0.0
868.4493203551933,97.25141171033069,2.0
550.4088741573332,655.722888844605,1.0
633.1235792994445,946.9601942407862,0.0
36.47008323285673,795.114952162659,0.0
536.1578742623893,940.2993561457619,0.0
322.4094174820672,520.5538029575495,2.0
843.1801807179223,143.46328691572887,2.0
666.633353955522,21.948747786155888,2.0
564.0146832455561,37.91906063194939,0.0
190.56718669265985,934.0253348481069,1.0
918.9433271098833,612.7241008366406,0.0
994.3568891131979,786.1731234529907,0.0
756.2488077780075,141.8151321581355,2.0
342.075855393756,42.75687768201825,2.0
757.0172859299184,626.9260481787785,2.0
167.1469236327588,937.4969240195121,0.0
146.29832760104867,678.4512249763594,1.0
117.74281264691389,377.4321011299043,2.0
819.614282105517,575.4289669031325,3.0
632.5383212012521,900.0882746649365,3.0
93.03474533685844,220.46296902610885,1.0
871.6980757502506,415.11788840318445,2.0
641.1385706167497,768.9604162530421,0.0
671.6217813872178,557.5530002063344,2.0
980.0486302279764,236.5068902927149,0.0
50.9814212219964,841.199418370806,0.0
69.4281918031995,572.223067506091,2.0
101.84568497965813,602.5891209899439,2.0
762.5408657407455,584.2267127662554,0.0
0.0453530683322102,313.43882318504217,3.0
213.73164156238255,174.9609713164555,2.0
106.05145799536025,975.0282641600203,3.0
528.3416390670321,593.036994779613,2.0
237.87334533798403,233.73979675915993,0.0
305.39700376988804,641.7621820804907,1.0
906.9421340403754,847.4177313898672,0.0
815.4499542942868,963.6908513620899,1.0
280.49139546621205,686.9916667797902,3.0
378.37585913841303,616.8310663473384,3.0
990.4662814305232,930.446987901725,2.0
393.1870657945387,958.9324774717492,3.0
660.1381187783893,430.31675885068296,1.0
421.5606562893117,864.0757244518893,3.0
137.55909299627365,932.2439476580679,0.0
565.8668907959865,185.44501204001614,1.0
418.80429433432045,358.61482716226027,0.0
610.3428701891838,814.5091410378207,1.0
459.54063362166517,304.08955724412925,2.0
825.8035361396073,190.49847072530457,3.0
799.5111396129364,514.3113474114901,3.0
589.5389715988923,536.1086515758544,3.0
41.28433312071653,459.2742578969253,2.0
724.8040680092805,320.46329284943886,2.0
155.79256189391845,866.7325933589052,1.0
242.47773555447472,893.8837360394044,0.0
381.32909007121634,113.5184291254757,1.0
443.5032062285845,682.5526874904955,1.0
881.9823728008755,620.7880047249081,2.0
930.012960128421,431.32470824670304,1.0
896.1948084814501,488.7460333082175,0.0
439.28171973440016,259.70098443138363,1.0
194.45231312296278,835.587034534374,3.0
534.6088754037731,218.60333878924035,2.0
371.1246004326343,564.4173080460374,0.0
841.2165182193838,493.7395948980636,1.0
707.1458087118281,264.4783966745051,0.0
331.2644397002968,202.09307523671004,2.0
72.43411699811037,120.29952204406868,0.0
104.98711488271532,744.7794150278905,3.0
108.3856214969583,444.5858044087333,3.0
32.42727002717166,982.3927428487684,0.0
854.5197704987866,447.62754434150315,3.0
15.436475188597479,958.8504839442528,3.0
891.7117525488424,818.6104626486398,0.0
169.13252770065498,203.87074553024374,1.0
711.6639747956352,770.2205899782696,3.0
862.0185682472891,309.0165235094702,0.0
619.2877430938773,457.5947069927418,2.0
750.5318018449037,936.5658412256021,2.0
552.9239092794335,358.5416354070595,1.0
988.8914925588502,958.1420809488036,3.0
53.88192220316557,277.88152650576575,2.0
787.7686857746916,357.60841039934377,0.0
2.8647587535924783,76.15710932822373,2.0
657.9746484406476,332.00743844946027,2.0
536.1156989365783,702.2945436437931,0.0
78.78451426379355,387.65614046853426,2.0
70.7264724659735,480.0786316490331,0.0
274.87739765315575,881.8527274984865,3.0
179.35099002830182,420.79527671368504,2.0
527.5884643997231,176.28735969228939,3.0
855.641195899866,282.85663736762996,3.0
960.5814505391866,73.79383224832792,3.0
863.0305017440514,852.6884704457328,1.0
500.2778283310351,441.4895787359203,0.0
259.9413220832238,156.62158081169989,1.0
799.5661121890412,564.9997431104849,1.0
288.93128616363344,465.5187338700921,1.0
75.84558863651569,302.15849093988624,0.0
867.0471450297504,193.82450087143977,3.0
445.5022260372578,794.4898343627311,1.0
986.3743933711318,688.6050057357558,0.0
507.04340594586984,141.68420895584026,1.0
784.7710013774165,720.4056637187704,2.0
754.4254638417304,527.9710160214463,2.0
542.4399061112314,435.73836234517313,2.0
294.6098112456259,713.9194202558724,3.0
144.65085822219285,764.9998919672703,1.0
577.2121314270852,981.2113196389904,2.0
656.7488923877136,297.48245085535797,2.0
251.54093995962137,819.9432669649321,0.0
740.9199106073766,20.905860118727205,3.0
458.7360440547916,225.63369277788513,2.0
90.84943787586948,172.58355593622665,0.0
584.8314660807113,272.71932841889833,3.0
542.6591022625721,498.0392338271531,1.0
413.5888368354761,455.23002983561344,3.0
290.9505965813472,748.1495070704109,3.0
486.3529950159616,647.4279142239,0.0
304.0321953766395,583.0615220743249,2.0
94.6174819760396,680.7893121930902,3.0
698.6667780768903,852.4109817376259,2.0
787.2986895256169,141.54273252276718,2.0
0.6304883477187369,231.26201205772335,2.0
205.16239798844074,274.3268576943359,2.0
996.4510866939111,221.05259875204962,0.0
635.8126891864425,521.4081315652924,2.0
673.7550002537624,832.1033045249008,0.0
292.36748270759375,487.2250963283811,0.0
261.60768634962045,840.0708039859504,0.0
387.402203036139,37.134390107194896,0.0
668.5980262459658,517.4812546334185,2.0
289.76119390302193,899.6947598061014,3.0
524.2446706971316,722.3163095465238,3.0
164.79305873366368,443.1679947503547,3.0
470.19746781663775,878.7520238140658,1.0
586.9195843817415,680.6215513562337,1.0
358.54549811456707,651.7970132978904,2.0
918.5551723523491,171.78099558032787,2.0
951.4008301883637,338.06576524177996,1.0
361.79499877206223,521.3552992660816,1.0
316.15761566539146,906.9892831759277,0.0
461.67874789933376,821.7638962953181,2.0
348.2217527263621,325.2690190181129,2.0
185.25882626122984,303.8456068477012,1.0
320.92245662371255,118.14145686024601,1.0
729.4868247133007,579.1866137058234,2.0
681.4967461108631,729.0300006619542,3.0
563.9300389413901,334.88730206659926,0.0
782.2204015898444,634.1550809974128,1.0
388.28363461020433,283.32751105567775,3.0
354.8872497521526,848.857432859566,0.0
878.1229443024173,215.7366268413252,3.0
408.23720447845966,972.3190094646766,3.0
482.81239821867496,238.39172923449038,1.0
519.7086456429912,677.5593391322772,3.0
144.32138832715273,39.38459192197634,0.0
30.400530103720214,828.0303863262822,0.0
672.362675411365,903.3375732069389,1.0
646.3149431907692,555.8134918521175,3.0
835.0988849310321,675.5291109229473,0.0
83.03188289777603,651.8503050049832,3.0
7.8450678304490165,765.4787455325884,0.0
123.94319580365455,807.4309209732232,1.0
956.1779816280089,888.1941713871114,0.0
242.17682658445977,519.0018183240151,1.0
943.982089028356,304.9078668195196,2.0
193.16932805134397,105.24230566690186,3.0
604.5571352159029,139.9498780854789,3.0
341.56697288500266,719.8255595540687,1.0
84.55849972882335,896.1095631772079,3.0
123.23980490670434,537.8183470444071,3.0
225.65578617722656,553.7402505700145,2.0
607.4428750330704,896.3416633567042,1.0
339.7005888517427,285.55613214072923,3.0
422.3900947268077,596.4288536904716,0.0
977.0582150502767,658.9989049420618,0.0
700.5128807545876,330.2145857449388,3.0
973.9599400596181,809.4367433451896,3.0
459.81605585097685,408.1508760123885,0.0
93.07329441634165,327.349937843414,0.0
456.9805732324548,915.0033657780145,3.0
414.2667124846716,182.96738757884083,3.0
911.3482517268798,135.60155455851668,2.0
543.8354852454373,876.0754959056098,0.0
183.68091992432002,873.8987132099456,2.0
567.974807350287,631.6805018911218,1.0
721.7571691585177,793.8954290838276,3.0
454.606120287967,583.6095939962133,2.0
399.38793402360415,874.5719789379477,0.0
417.184429093102,140.9628653406768,3.0
162.9613586239168,109.03880923815731,2.0
324.19972311590647,175.59030567860253,2.0
34.86283198454885,728.723786921551,2.0
999.862944632939,900.5347325416186,0.0
81.96079495423807,600.2223500702517,0.0
113.45154206754273,210.24552802546367,1.0
370.18440930213256,272.6573218784369,1.0
781.3600890999728,542.4057693544238,1.0
238.39060799600125,142.62044189092182,1.0
842.1638278702217,360.97512074268747,0.0
781.8596811369381,59.15216960000089,0.0
426.3426470057973,911.558044863882,0.0
623.2578096926921,977.1231950403968,0.0
546.4210850130526,731.5998517428243,1.0
493.7155602765243,340.92171817603946,3.0
393.30076576589283,486.8433008030644,1.0
668.0503983799377,595.8220316889906,1.0
733.4348486404657,236.3879055532095,2.0
197.41556687965704,720.3099587645343,3.0
175.55291296345894,265.308678841264,1.0
628.8722572521945,338.2509284633309,1.0
140.77280780513792,198.34848941782136,1.0
964.1855570056038,211.57786220401528,0.0
106.89426369967487,268.5244873317542,1.0
461.3957955395768,662.4114002034643,0.0
870.6005710676799,819.7233933807278,1.0
298.0615630224178,169.6192237538343,3.0
367.0816213269877,882.880325069944,3.0
919.1150430296867,331.29937958536465,2.0
112.14750331341122,630.4402965379637,2.0
691.1098663967576,601.9286414551285,1.0
218.80544615154972,850.4153369545816,1.0
861.8094844007016,375.37619375125496,0.0
236.05192312539685,926.0675346068531,2.0
612.2449569025085,170.26807351436022,3.0
901.7778963425806,460.87349599820146,0.0
184.04634322936332,154.87407769085505,2.0
127.69281488783491,346.1193364119234,0.0
611.5010234638855,770.3878154524862,1.0
471.97822046140885,195.86192740521028,1.0
690.4218202934343,884.2440785248734,1.0
477.2437345274359,320.3652684594908,3.0
62.96140323856761,955.8194594353874,1.0
928.2165905137966,191.4921929939609,1.0
135.0850231640035,178.36276254199302,1.0
869.8056212671175,39.58408136168361,2.0
605.5497574002455,958.1850154384491,0.0
38.106181343339316,896.4512219502136,3.0
924.2739126478866,451.62739551242726,1.0
648.5326828123383,681.0873250612768,1.0
951.9292824179884,169.3456401533827,2.0
352.4309556902079,120.5713959113183,2.0
243.40017149294604,406.7238064649572,1.0
130.07163198637625,980.2092605041792,1.0
923.7579223077239,50.49176063936859,3.0
48.30671286660376,190.96166967529376,2.0
574.0675063746445,575.1743001312994,2.0
679.3505313161819,349.10648608398884,3.0
800.3184324887844,124.62437318819347,2.0
342.2224015050297,742.4935305709334,3.0
60.86110531932674,714.8981132023727,3.0
0.5046156525285395,333.8304982356204,2.0
551.0917641063751,206.0387147762571,3.0
698.3265076651193,403.2968195568872,3.0
349.4481527017505,497.63067296135944,1.0
592.7958883620109,378.89495384943234,1.0
453.64382642860863,703.8443129463666,0.0
70.709536159781,407.5278215395322,0.0
597.2091255328922,750.0783041516346,0.0
53.47396116661294,585.4002640210878,3.0
431.1444557136922,239.71749849642478,2.0
193.78146250588077,250.33457213978417,2.0
13.869814609090772,865.0896145464457,0.0
954.507607650838,471.9435426822186,2.0
624.6642110820144,127.0187894673415,3.0
701.1763382092811,111.1381565145468,3.0
377.4330699156661,379.3837218517708,0.0
629.8096629079772,361.27106372183795,1.0
210.9815661308465,479.06666782021273,1.0
584.0348608754458,112.49744282099907,0.0
663.1141515904269,719.7226192198322,2.0
301.63858199158665,288.6156625037783,0.0
428.0703852247219,701.594231884868,1.0
252.80825195693774,306.86101603553135,0.0
2.9746484347382136,559.6696142297435,3.0
971.7994510172365,787.8634121612736,3.0
938.784542199422,491.50609330969826,0.0
261.04241450617917,568.1067199194706,3.0
433.62739241671454,817.4848003878674,2.0
80.48721610536963,249.59096426761482,2.0
486.8053365837631,128.7066139668074,1.0
259.01725683002087,923.4229808412648,1.0
619.1492866712823,873.1864487371139,3.0
893.9468716678088,888.9819114451437,3.0
239.4536449034086,90.68131207081301,1.0
511.1011001959884,69.81469540470067,0.0
986.7385863474235,447.09640464032543,1.0
144.42020533186786,257.4881830685879,1.0
702.3540888616016,583.460440741442,2.0
780.71991522183,833.5632060626564,3.0
345.62687844386323,446.8658148035632,3.0
544.1602677075256,571.0971742325892,2.0
496.30562884544634,936.8747022999844,1.0
501.8821617648597,363.671500033069,1.0
290.94811796051385,609.4376411907579,1.0
306.33134772532696,59.18511560731015,2.0
702.6741181210718,361.0266526101845,3.0
100.12695802870178,357.6518667617912,1.0
183.83161076689376,552.7402551417767,0.0
605.3769491657235,234.01136523764794,3.0
355.67427124982686,908.511767253385,1.0
707.6863830611352,75.32410143485522,1.0
546.667502437891,27.489884411776796,0.0
437.53105725590984,213.31404539982935,3.0
436.0093179046777,414.9966701360722,1.0
876.630506757337,271.66502872953265,3.0
200.59731092722248,795.4433661080502,0.0
243.761952199149,694.3773858274712,0.0
674.1769777481808,666.8789536793779,0.0
119.80897223653047,772.8582922686113,0.0
409.85191384251874,666.5658949800569,2.0
476.9720684311876,620.8056644513416,2.0
53.26694645072511,25.095962073438574,0.0
46.563267331561995,342.0139447697114,1.0
929.1752795487271,409.78793129707196,3.0
713.5146004914027,664.70745377715,0.0
155.04483658931971,484.0921072537851,2.0
42.11156864174981,409.22875559216544,0.0
218.08162450513933,878.4685045392162,0.0
573.9397471978465,289.97857807282054,2.0
967.039535000986,97.88021235951325,3.0
821.0045486485376,847.2080975081684,0.0
574.897935760077,781.1579934078735,2.0
52.84271853248359,389.5032583407217,1.0
347.77846415761695,220.58827087111456,1.0
395.2441390456644,652.4252077228027,3.0
897.8801991669673,43.28782292472546,1.0
897.1085596700816,777.0775271442488,1.0
467.28373779303917,146.76757483544958,2.0
431.4690019266375,324.5601971787169,3.0
561.4845004766305,819.1186563157747,1.0
120.8452955032794,427.36858638112943,2.0
334.9242762933961,391.81470236257695,0.0
722.8401988696264,518.9042058707954,1.0
919.1187718764031,496.5954215725236,1.0
462.8620760665721,731.9962782952463,0.0
478.7663918496351,761.5783488978099,3.0
648.300469488826,578.4960380943248,3.0
251.05641248535994,284.0403823365326,3.0
321.5434935537242,411.1889551991692,3.0
748.2337763646842,819.5827869295418,0.0
495.5035014351534,902.9147937050518,1.0
931.9202093784564,631.4984666178567,3.0
742.0811289795663,720.7802491459375,3.0
802.2428391074835,31.85747401129947,0.0
371.4054625220118,146.41248558712832,1.0
332.37921599059234,615.0806601697473,0.0
840.1681331594081,632.5307830440157,1.0
481.7555046645109,689.3742449271269,0.0
727.6515913289628,353.27379798676174,1.0
259.63972418590487,134.96895032276095,0.0
458.8708287583254,767.6613798604665,3.0
687.9230937048611,624.9881387773635,3.0
695.4289656120944,24.427135056206584,1.0
480.74272123994166,101.61555637318749,2.0
82.57587858652265,947.1942152013252,2.0
818.7628960298042,808.5218019202066,1.0
473.15435258039065,482.33005453759654,1.0
628.2645107529532,105.9554158382653,2.0
323.0687473317545,95.28675258742395,1.0
297.0204395066296,805.4056847988456,3.0
570.6793396796265,654.2847819328257,3.0
378.0959813663749,235.9155583471535,2.0
570.0201031327591,59.146069255537434,0.0
418.851445686105,24.46908830514844,1.0
535.0889383062902,913.942561071366,0.0
566.263050087574,412.6144385192804,2.0
387.6387870934106,197.47162065794643,1.0
0.7571477322123689,101.9494450039721,3.0
789.5834394971677,751.6168034175967,0.0
409.22556470336383,254.69756461654558,1.0
794.1896941703576,979.2675275307454,3.0
221.95037888714282,53.888537699355325,2.0
429.9813017914014,524.9975918888825,3.0
974.8205828851878,402.567892059308,1.0
635.7320549124654,921.7785705512653,2.0
757.5782415504373,54.65612744717054,1.0
600.0381537335825,637.0352650964319,0.0
605.0912507424752,397.4433073467618,1.0
919.062882436281,378.4337027118533,2.0
381.1715823709973,831.3879922553133,2.0
0.8768502340494942,829.20530647657,2.0
413.6375981522956,823.4446052958426,2.0
527.8455156920995,517.093122448491,3.0
759.5004831242613,30.138740750518313,1.0
991.4773266293416,840.9135930488239,2.0
301.86215330497714,877.8062859213193,0.0
329.98583834933913,339.217357140786,1.0
756.7785765430116,371.66354480920194,2.0
841.755444063179,54.7904608100132,0.0
104.71098545321672,238.10687309615332,3.0
632.3039419074167,486.82911370348484,0.0
737.2976731113122,120.88200722590199,1.0
3.0330979072963014,502.5552515034393,0.0
921.3867128802007,710.5565988144682,0.0
679.3954597263446,931.3170722630302,2.0
841.6496588685122,526.8282523985235,3.0
423.2967089269819,770.949871275465,2.0
188.17484724075643,603.3267390132485,2.0
579.7462538128797,553.5593986518907,2.0
284.66608946724955,302.70183092964214,0.0
932.0896464845981,127.04565606512382,2.0
105.54073105795432,826.201478350967,2.0
567.9511705169965,954.8164228478272,3.0
985.6669851414182,359.25745052134704,3.0
494.4893657106406,194.66303152653072,0.0
912.1651225395383,637.0602377497759,3.0
18.817290843386008,239.8819650216829,2.0
808.0754078814228,914.9563436225739,1.0
509.4709250084634,784.052684641621,3.0
836.1215394409904,934.7913703758348,2.0
834.1475329206448,828.4959222987862,0.0
74.0491699379713,630.8344970158092,1.0
261.05857620245115,198.66842292071948,3.0
143.49542261468494,732.1024817627583,1.0
122.02354525137869,406.33422445587996,3.0
743.4188790201882,551.1056761532623,2.0
771.6025745917051,212.9745676096125,3.0
544.384149460677,240.44897869185866,2.0
344.186672763191,158.97507663657862,2.0
782.9460592512206,888.3057769865532,0.0
458.0326605505634,843.6005206571646,1.0
45.89383050708407,252.05181814468096,3.0
599.0599620604645,52.920193666685556,0.0
704.1683867026603,225.7721457562018,1.0
734.7671157214821,257.67472355738806,0.0
829.2605129099408,220.28215513250393,1.0
392.589029499886,571.5188336604018,2.0
590.0372698974934,450.14060767683594,3.0
945.226435631537,87.30423443509602,2.0
70.6279681126029,224.55502214416953,0.0
208.60934667042153,776.9145425627871,0.0
527.845681647742,382.17810418753953,1.0
143.08358828563328,835.9439634549952,3.0
243.75347025104384,360.1867073979885,2.0
389.4174801883931,677.2281046759923,1.0
818.578794257283,628.3594115401355,1.0
312.6887818296518,382.03546141129783,2.0
728.9111055724295,282.44492610147375,0.0
127.35096407984607,272.0726287252986,3.0
402.44857763389126,771.6051317242845,3.0
392.91985607603885,591.7567234735667,2.0
166.4484670378017,792.6445536558184,3.0
278.80018850618325,631.325757230586,1.0
964.6823207430766,908.3335350296474,0.0
285.921776757061,20.4192150939533,2.0
994.3364315141047,155.77298428544512,1.0
251.40238839933707,943.3716270343954,3.0
168.3590987636983,576.9023659859682,0.0
544.8096872745564,617.968361912807,2.0
533.9987886007611,269.19848180687023,3.0
112.77728135387686,653.709775949996,3.0
933.5272394458575,782.1169958656357,0.0
514.8217509855604,498.22534866778466,3.0
446.95950386596036,464.39903476552496,3.0
2.218518085003333,133.27837555193236,2.0
360.92915488085447,799.0918017184459,1.0
535.7788540123403,855.5103369000806,1.0
530.134850592236,793.2348395614961,3.0
176.36348836709297,680.1125186104878,3.0
763.73406564684,748.8104425231506,0.0
34.83907671189941,84.08268626319001,3.0
574.0685257522845,743.9828951179852,1.0
876.0539793069131,438.15307732936316,0.0
494.93470677146564,166.97527801048147,0.0
366.98294944852466,961.3802267569478,2.0
758.8074215110287,606.0616587244017,1.0
56.42932026470747,615.107335200129,2.0
692.4216035989514,379.8444235199927,3.0
655.0430669574076,701.186003951853,2.0
800.5590790628037,188.2433978303422,3.0
600.3169995701068,301.52093960975026,2.0
675.1582238326064,447.35218670836275,1.0
698.9391921815317,284.1499639021374,0.0
96.2658940903546,70.76540030837742,0.0
220.8354602787234,526.2687200102476,2.0
26.001720837752085,642.7871529383422,1.0
474.8408989955476,48.02427779215451,0.0
69.43952084984431,59.013645251688686,0.0
603.7734482999307,700.4302392324615,0.0
520.862547495979,647.8542996283045,1.0
358.6944214772196,72.95505059168022,3.0
453.9807297255894,520.5786553478736,2.0
608.9997102708603,349.78631421616757,1.0
772.3465537147833,472.7954939372928,1.0
778.8446282983541,283.44064227880705,2.0
196.00842349647027,648.2844883386075,1.0
832.9655033197786,268.90385503339706,1.0
608.7502650816311,212.19065358841428,3.0
218.0883629125779,723.6564806741354,2.0
8.200879794412948,743.0937523605346,0.0
767.6799426735454,918.8439063615242,0.0
991.5126784740783,642.2332527231076,0.0
341.07372208760773,677.0489830082497,3.0
3.6995604467412475,167.0057822218083,0.0
193.95560934002353,182.8320840699226,3.0
498.1038184728978,724.647330678969,3.0
551.4875061342219,128.15328611535196,0.0
604.9835513094791,281.0139100526253,3.0
384.8738713842916,509.54162256249987,0.0
146.71992632024168,304.76117699013656,3.0
476.3030609281572,855.3128582991714,1.0
755.8826480368025,278.4506066008966,3.0
386.915036981603,328.72723077464485,2.0
820.6664650051626,114.1107514666439,3.0
895.1505057998885,982.0120038526557,0.0
232.79142106057176,196.80876636739703,2.0
407.98278777328557,799.1664760751576,1.0
720.6831804836694,373.6677120672758,3.0
410.7757303145019,421.1280519190487,1.0
995.1153674603008,818.0006622438691,3.0
243.7206768221546,656.1683038871283,0.0
995.8322898686996,403.7582926651238,0.0
231.15123658373997,476.1480842117063,3.0
721.3532337999715,819.7598401079795,1.0
92.07423504446349,559.0847294554892,2.0
625.3150933011732,68.61859905940867,0.0
223.67326087122757,285.24428988587385,0.0
408.16278496494743,633.7555705644327,3.0
961.1154890386413,931.717226501342,1.0
954.5219679840767,833.3472370058854,0.0
370.32588508767833,293.18073888738144,1.0
830.7838021182423,291.532554898096,1.0
329.4977235345443,922.1736504889302,0.0
629.449489153625,190.623337944393,3.0
170.96903815403607,319.1173631659263,1.0
989.4242237605653,620.7107801429589,2.0
882.1784069453469,20.32982260233733,1.0
884.6542293628034,291.82891310908917,3.0
582.9259408530685,26.477555870869594,1.0
399.3584443109516,160.65955817068905,3.0
548.6022531272463,471.18482086001376,0.0
645.2099615453973,379.9570210106282,3.0
170.8122334493846,957.5645526612118,0.0
990.7200425038143,275.41738238142693,1.0
804.8889693213014,735.9014075780165,0.0
191.01029733799442,977.4172583189255,3.0
2.1024287470506486,644.8812531940004,2.0
286.6432220858435,190.98256877177965,3.0
953.9157045529614,545.4211313433234,0.0
719.1841250113569,203.59688700027408,3.0
125.86011470668686,603.1609764681455,1.0
147.71245373806116,652.3531234642064,2.0
597.8787939697744,472.1902864255359,3.0
901.5564327792068,695.685709481775,3.0
318.90020642004475,276.62157045764013,1.0
330.3491412565804,247.5289518765423,1.0
595.1915999068566,660.5457439132222,3.0
788.6298213017899,410.10659531230243,1.0
201.62547370998885,897.6702908591676,1.0
65.892423969155,919.3490870208934,3.0
480.8156336335077,289.2813805080029,2.0
245.99949222785014,967.7778590631804,3.0
97.26862148032515,104.63963996569352,1.0
579.9713223889814,141.64708227619627,2.0
698.9856294828775,199.45481693304737,2.0
817.877754887667,242.8439467032211,0.0
677.8679571091603,327.65488280101937,1.0
11.613384039318605,805.1923386973798,3.0
61.15989636274603,158.70570506011336,0.0
364.36218674610586,459.6557561604738,2.0
643.0481612417342,214.18472022886675,3.0
491.1634647559072,76.51865828063733,3.0
747.020167432069,841.935145963557,0.0
449.7081350543172,558.2416514368612,2.0
860.7966994856565,625.5000153477594,3.0
548.3268383989418,549.3840861041733,0.0
84.51027944681329,775.3112299170432,1.0
749.7696872475213,646.3967549083188,2.0
162.80310790676162,819.5585385233286,1.0
117.1253637411616,188.21918491177803,3.0
344.04797714599067,182.384191390393,2.0
819.2731358608594,604.1662936383354,1.0
881.000321323389,464.53057388313573,0.0
180.6471681965878,227.11054362371465,3.0
330.58063809821783,659.1777615329697,3.0
411.34186561458085,515.0346974459059,1.0
936.7434181078905,864.6501213550184,0.0
30.67036146651811,555.116060477601,2.0
915.0178438865784,272.99214689266705,2.0
726.1484034199726,918.2914427022619,0.0
336.60200990000686,428.41731410514956,2.0
822.3169770001856,515.4438072454097,2.0
414.684149121068,50.39591893456128,1.0
403.5984383204598,925.2009062263587,1.0
671.480091987579,252.39962495474734,1.0
363.0226410246195,28.476277816076973,0.0
222.17522443948263,104.35360054342705,3.0
867.4840149299988,158.09750209909458,2.0
417.9985221044586,731.9893207655584,2.0
60.8193567757274,498.85954250219464,0.0
763.3325303178447,404.9896985940875,0.0
418.5487963035509,398.9596813984147,3.0
257.6117020996839,46.48421792225497,0.0
653.1125339745514,358.4328512968644,3.0
696.4537365257744,550.0828227198098,2.0
242.567088546478,752.4349796657654,3.0
361.15980008321554,544.7052833910598,1.0
64.9789081159731,663.9195703541182,2.0
802.3399235623393,165.13053959993087,1.0
683.962722184101,758.4536378647202,3.0
98.16381101914125,151.98029409558436,0.0
163.72134567212865,405.35920552087833,2.0
32.66853242260233,30.85559445483701,1.0
954.31630202825,413.77863195261983,3.0
371.52587667988075,861.2801038519215,0.0
195.17642782763687,137.81840819899404,3.0
289.9369241167641,135.73730166437372,2.0
285.1871074207534,40.428513456144096,0.0
223.71994594859646,263.22146959341444,1.0
159.26461854325478,534.8163348104957,2.0
62.85845783911705,322.65640946249806,3.0
202.27130926689404,402.24171774913845,2.0
912.6123389252925,29.01335084969927,1.0
200.65786856229508,743.3441642350842,3.0
573.4523900560745,367.3873376309771,2.0
434.61188715644755,376.204620264851,0.0
28.613768319960567,848.3443770900708,0.0
732.7907811893693,979.707623076641,0.0
623.4781470437136,272.59432061518555,3.0
541.4986112673249,775.8549227360071,3.0
805.3356312882277,894.2648333252248,0.0
1.9807631671424837,892.6453420042831,3.0
240.57016400951485,568.9663847139799,2.0
55.22857813873492,101.28041278125606,0.0
345.0386166570734,91.2540440704111,3.0
306.99356265193467,504.28784869952256,0.0
524.7047779308319,86.86630009364521,0.0
218.29423257559355,825.8799762950799,0.0
785.390348312005,860.181762830738,1.0
447.9220634772733,139.2542032445711,0.0
129.31229855779313,577.3676513898845,2.0
857.1003893157608,923.4018282277663,1.0
849.9420381967872,341.7647219712589,0.0
165.96269059534674,980.5035906009822,0.0
696.4826605803387,427.5721378106503,2.0
575.4496232732824,839.0680934676715,1.0
32.38487679214554,289.69546109259016,2.0
895.4549792290744,315.5956667619599,1.0
888.0348471239856,936.1503357460072,0.0
652.6305566501743,802.3268632831263,2.0
966.4875116885157,692.7277265596521,1.0
438.54588307173987,17.911615678934638,0.0
621.9152995036827,312.3598086776323,1.0
470.2998822613881,560.9984190757713,2.0
142.28190664773197,117.35734592612648,0.0
660.5102991216594,756.7457224784522,2.0
332.23597317792564,65.13516242396342,2.0
451.4721647834328,58.22383113907394,3.0
731.1146161346552,435.6140607800123,2.0
964.0879126946294,288.51197100772276,1.0
361.6533495681539,678.5742749185312,3.0
227.71602810999624,629.4350807679956,3.0
629.9222330325475,695.0474672895948,0.0
74.85956022390269,89.71376051943042,1.0
940.6010218102831,563.8829462907627,3.0
884.9099805865848,142.17389996820336,0.0
523.6213183219679,411.38396555261926,2.0
599.6372993311074,496.6773618311455,2.0
946.9377463549812,798.7591531609185,2.0
55.12471170586116,75.58002116320073,0.0
198.07924505261113,59.017076885156506,3.0
590.7464645638868,605.1721476160354,3.0
887.9006874842886,85.50662484688606,0.0
654.6253847399246,537.5147557057383,2.0
4.132110433121751,378.38658646752305,1.0
666.3413505952205,161.77285469068548,1.0
398.80502828719295,214.65856411139347,2.0
51.065690851432,123.95764021410353,2.0
117.49753909301197,674.4901062710879,1.0
738.5079208212073,604.0358815959378,2.0
318.39329600484376,733.6172265083782,2.0
501.152478720674,663.0361082599858,0.0
98.55826891786559,403.95455805053405,1.0
907.3324291024974,553.7830930875009,1.0
499.7041339025745,765.5673904262042,3.0
388.62415988095745,433.8096506049748,2.0
612.666548257425,936.1478673367466,0.0
699.4168225027294,138.13917536078702,2.0
519.917751423539,742.8509155531715,2.0
475.41841934111255,939.1305271980284,0.0
628.4541793732333,797.6140359140325,2.0
711.0913622747101,640.6016727608525,1.0
688.5953870637178,67.23784293360848,1.0
311.87533073393786,38.95930556230623,1.0
480.2475801761875,411.20662871508,0.0
980.1423992177433,81.83408146236476,0.0
970.7569717402812,631.1715011783318,3.0
283.35122161654755,838.2636033880316,0.0
616.1280411844416,541.4871648850716,3.0
361.8144648148861,194.89359190735556,3.0
640.7889212621951,862.4879738352762,0.0
681.0312761755345,980.2946150254445,2.0
3.349775995782383,530.2451804273817,1.0
21.954994052497682,137.21880477369828,3.0
389.9502892239288,851.1643773680929,0.0
214.3143471584262,244.4886513048863,3.0
5.612369025299486,291.99527793383425,0.0
764.7728878054526,184.11161994851125,3.0
720.4981205603367,749.5947587879829,2.0
464.7276616138569,981.5368612956981,0.0
507.3436776882572,518.4816252432464,2.0
924.4732012848893,760.4863569012374,0.0
3.4093994415144904,978.7678623029162,3.0
823.4376357543488,484.1915889333982,2.0
846.6023460337228,26.208557245076744,1.0
501.95115407407786,971.2579280451317,1.0
417.00776084104945,844.0988576844956,1.0
147.92404852454297,217.4646316592593,1.0
116.31157667753452,932.5094312474746,0.0
855.7169524242768,744.4593874697026,2.0
298.2879025618769,408.59791303754247,3.0
779.5569703417107,611.9464135487696,1.0
352.6920144736698,975.9206198471157,2.0
380.268409360124,978.3070615482499,1.0
632.0864716375133,252.6110480909233,2.0
283.760834007187,783.4739429966781,3.0
216.95676841556423,757.1680526411407,0.0
413.47299044503205,90.43608459573971,0.0
263.98515532525107,712.3497543067846,2.0
627.3678027049858,572.627277673278,0.0
25.06376927938794,776.8346878943607,0.0
938.336160565934,148.62669179224523,3.0
929.0690369474987,843.1062450384745,0.0
509.92315508440186,849.3566362531793,0.0
784.8940553592926,258.6755903098618,2.0
994.6438624549384,754.2457918457193,0.0
693.024053240951,651.4747806942783,0.0
488.635641465649,19.879966200115845,0.0
906.1824819067645,193.3107742269782,0.0
1000.0,71.48212961707303,0.0
865.4815704998535,604.4320949361318,3.0
335.9341322593263,955.5423566382452,0.0
443.2458783169465,192.2414424022892,2.0
70.02716578245258,520.6267979772706,1.0
996.0979015293492,507.27799225696333,0.0
256.24668648625794,378.1336593742148,1.0
502.3105121379723,411.707468165027,3.0
89.61178862347879,705.5827432333351,1.0
74.43052440859971,339.48177441427174,2.0
626.9267454348864,754.1582069428302,0.0
836.7281603971105,700.2465575124678,0.0
79.72232728493375,976.9858398997683,1.0
146.6181931609516,885.6645902387812,3.0
49.45333342070847,562.4857234465105,1.0
529.511919613254,816.0619221925945,2.0
841.2819682245829,847.528542385473,0.0
254.55208101437273,874.8218637588294,0.0
168.04776478518627,600.2554438073744,3.0
564.7529264255786,249.78790102845542,3.0
610.3553591684168,27.434001819751145,2.0
807.028197624032,761.7295483267707,0.0
2.6987531327527776,715.7082969362707,0.0
307.75085981844165,473.06837383470895,1.0
518.7681473218254,897.4891878570498,2.0
751.9092248793136,226.92430229013277,0.0
94.86237245291245,581.2976292499196,0.0
131.57060740946181,862.131636896897,2.0
732.7451696257305,392.5882560256655,0.0
884.0454343950396,794.7917567339148,1.0
683.1693146299187,231.5662527156005,3.0
339.60273170654733,807.8949482026703,2.0
594.9878906799863,581.2856977258099,3.0
443.566203668175,750.0140976534728,2.0
852.6598263523339,115.82769200006685,1.0
922.4895502525779,520.6553570685252,3.0
333.35947248584597,593.53693887718,0.0
104.38763674740179,952.982349065979,0.0
909.1244487584604,797.8584306441384,0.0
884.7169683503461,839.8692675528473,3.0
163.6912676181786,248.52567051937936,1.0
185.99461329345877,815.0362758656055,1.0
176.9126064701667,359.9618368194073,0.0
402.6748950470788,715.2647268871543,2.0
903.8835414422379,588.6544787303432,0.0
490.46137712894364,815.6634055776035,1.0
205.35135621891035,155.8515186892605,3.0
1000.0,335.1163279272647,1.0
204.37493306166928,459.73939238733834,3.0
981.8932434916491,11.398918034636546,2.0
650.1520889227886,477.5837449523043,0.0
828.8078251480296,163.61978381891296,1.0
825.3258219358984,70.5564913168824,0.0
282.0576155768188,155.58811179659403,3.0
780.2040652411553,334.8577817276037,0.0
60.99037086698564,453.9857157662517,0.0
523.4962054653942,129.8740770220285,0.0
481.42301075539734,365.25417496356124,2.0
207.50800245867137,326.62582160040574,1.0
761.3937510280666,560.3950848741357,1.0
502.2691717218228,321.81154794501657,0.0
966.1353494892207,377.3222165443331,1.0
659.2789964720002,984.6844659989854,1.0
919.4819016606314,357.7525493051205,2.0
890.6789390884646,642.2566530570128,2.0
721.5873543596044,36.37172253928766,3.0
813.6955028786817,441.34331929254927,1.0
703.4250768979546,308.85303116524904,3.0
258.40417232935914,431.8836132507044,0.0
42.162267255270834,956.8513388524075,0.0
999.8184271114645,254.58002990118507,1.0
301.8664000664211,686.7387827045795,2.0
293.9963379474123,329.04713756274975,3.0
676.1637412746089,870.1063221293268,0.0
6.5385699244156985,451.9892434228203,0.0
769.1373246378837,945.6747705634859,2.0
566.140404107841,799.3019035618726,3.0
858.2793941624954,944.3420242074463,0.0
262.9283762979646,230.2717828761913,0.0
966.2920711835465,42.56192015465833,0.0
564.1218309002943,860.7248073583933,1.0
163.17344697223012,722.4660092709317,3.0
405.3153079569228,609.7993683267193,3.0
406.27460459709863,334.99569721499614,2.0
152.3291205026309,615.7023934244555,1.0
57.397174104249785,813.3435229690891,0.0
289.3894515947054,924.0123422986578,2.0
236.73799872106662,120.05604756489505,0.0
564.4662938930201,501.8135793067977,2.0
409.15454425330915,380.43464735844185,0.0
40.61937669856116,489.24644476542284,0.0
75.51453404231833,143.34616756351983,0.0
917.7574739729379,945.1383775417399,2.0
632.3734632526975,20.529505994105026,2.0
428.6782051663472,474.904873020073,2.0
209.11362562608633,602.155877549132,3.0
558.1230872248185,452.24403048251526,0.0
311.9616015085878,603.3034543522119,0.0
593.7277010148845,848.6298086640094,3.0
871.2177723652513,730.1635406571874,2.0
700.2843173885933,714.229625194682,2.0
922.3679625218584,473.8222509710392,3.0
68.59116315034272,183.5595686904678,3.0
414.20207796170433,312.8646729367167,3.0
642.7766313997208,313.02507175500483,2.0
835.1130598840086,983.7887667850983,2.0
340.880688054608,535.5006501511909,1.0
267.64455857471717,598.5109965714886,2.0
163.46690615473855,292.3617358168192,1.0
459.16166343856537,634.6308673788544,2.0
942.0450098443158,613.5788925740263,2.0
157.50346130383534,462.78254852594637,2.0
739.7227530645696,700.466059456796,1.0
452.49808029212306,329.10414199975696,2.0
490.1634464835439,790.6149463307677,1.0
298.63222538055464,768.2907258946259,2.0
759.9028266955467,489.2246038786459,0.0
876.6384666661469,511.12089624541113,0.0
58.313489007036644,979.7032827934821,0.0
992.2065272928028,132.1259321238181,1.0
768.1262171246922,448.5487342335508,0.0
261.761103463233,902.2334408623665,2.0
873.7588017910443,235.4597709159571,2.0
584.2901276980338,346.3697712495294,1.0
582.9202659039526,513.4059854906072,3.0
762.5149639935437,712.9573698106004,3.0
41.85143781425409,365.41710810810844,2.0
555.7654892214812,892.3483204641839,0.0
931.0191601989455,19.146745088559953,1.0
159.96497915993007,746.2508849355482,1.0
200.64137279859486,859.7730537576999,1.0
830.6241926216691,400.2569689021184,1.0
444.429969664617,896.9371612037378,3.0
693.7668389762722,831.0732501218873,2.0
852.7691464352218,688.0938063009309,0.0
308.2265194324672,79.86928907869373,3.0
96.57555756834836,479.25075291029856,0.0
245.0096167642193,213.3297665531309,0.0
4.354710587743392,786.3719295113906,2.0
144.96449950981068,809.6747675043063,3.0
637.6720262811898,287.2118919902613,1.0
184.43798329742893,26.348400031645472,3.0
602.9537445196481,119.69760665125816,3.0
995.4823903977456,541.8201753018794,0.0
907.7085340451426,659.7260403058241,2.0
393.6265377567172,131.35844694748957,3.0
554.6003445163777,295.31956236602343,3.0
541.3645617524604,339.6587593722714,2.0
261.4667817972067,678.9492562187462,0.0
3.4444483715415384,410.0336271817453,2.0
773.5203308625906,766.4671231218699,0.0
637.1610838290643,436.7595022334333,1.0
741.7327940387088,960.5693468812591,0.0
80.084369615873,749.5786901597687,1.0
877.9769851375104,390.7480829189747,3.0
38.423356874765425,602.8155829265054,3.0
349.9853223230488,762.8411841038283,1.0
542.1645980570897,678.7195571021047,0.0
730.9228975844018,883.1458596737734,3.0
997.8234072296924,979.9581727143922,2.0
716.7306861168757,961.0676738583692,0.0
742.7114704159027,748.1983509520232,1.0
551.7385228039453,836.7095363905999,3.0
119.81323809529151,298.16040016985045,2.0
176.95977181681945,659.0433266436615,1.0
458.77983137152233,446.74756219084696,1.0
811.8953285403664,147.28337603459508,1.0
362.31468697569153,735.8942969385994,3.0
768.2080700527584,352.7364067970484,0.0
291.3044313843606,350.67457515464724,1.0
431.5706393363969,549.1209382663113,3.0
140.8291423584116,523.5989876702433,0.0
365.8797342563713,361.56381117655843,0.0
77.88467171119137,820.6776033154918,0.0
112.70913757146482,166.90557627391033,2.0
270.5529531835908,499.9497047301773,3.0
609.3544624233845,733.8633078017397,0.0
418.54632625572447,221.11099425322976,3.0
899.076592160621,113.14053236242422,3.0
124.82962579369536,752.9946146142078,1.0
841.5323417299393,955.933584932195,2.0
731.3349180969964,635.9533373545884,3.0
515.9696225376181,948.4121605255232,0.0
22.887665399412658,217.27848343899575,2.0
324.4128308191018,300.27494221932494,1.0
960.3135798094514,316.56186881732725,1.0
999.853959035378,665.81705479295,0.0
392.9199605594243,95.64924200803715,0.0
309.2204360940022,929.3093842419141,0.0
591.0150464263414,807.053513801599,2.0
808.5671367509481,413.1663449051528,3.0
864.5683751050611,557.0524370348911,2.0
38.30538242589384,437.96346256873414,0.0
746.3419202261312,174.26373940775593,0.0
747.9844534727105,353.40617274020417,2.0
435.539024905403,38.185999344764916,0.0
698.5138574836092,472.34346642100206,3.0
71.79003651827398,14.517520293970627,3.0
220.1028005217241,413.69535153632955,0.0
903.5270396622885,511.91582505702667,0.0
30.989004652232417,915.8462574788622,3.0
248.89369742018778,800.1157822501873,2.0
221.43826127983684,20.616116921936182,3.0
1.3207295404123922,481.2777843398016,0.0
976.7094898865147,172.2797741283159,2.0
681.0219281878763,812.8862064357648,3.0
595.8375846421454,75.0432772374927,0.0
325.58949783999185,227.30882679898235,0.0
807.7402375850384,708.6667223663596,3.0
904.7907698388776,239.68500577787836,1.0
872.9917060405837,357.0768797509163,0.0
852.283893380716,664.8134424804391,0.0
740.7788725068368,95.94128548681391,1.0
262.09885745026656,740.3508930955156,1.0
651.03359397106,908.084974916221,3.0
504.9288057852507,97.66345076797231,1.0
205.31937249493748,300.6045331965897,0.0
205.01119207569198,549.2543699428443,2.0
772.8756717861373,126.63112994922079,2.0
599.6728771758036,978.432111914642,0.0
96.80505144758087,520.5822257431508,2.0
542.7674252051669,959.5084682116008,0.0
523.292267916309,763.8742073538265,1.0
470.84179860526615,899.524329758906,3.0
568.692514716205,719.2342178221086,0.0
851.7341389119274,417.4781308491027,1.0
138.34749595814833,89.6685712415613,3.0
770.8123803088143,651.8470514518821,1.0
196.1070039667861,698.6503993277166,2.0
366.7215369879684,776.3888033064577,3.0
269.14116310589196,178.71625013024266,2.0
998.178814454753,730.4697846242268,3.0
178.42842392721397,528.7065979289858,2.0
499.85827606259056,630.4042293456002,1.0
238.0897645399694,498.0905631353294,1.0
863.3776466133744,137.96578806696724,3.0
583.480347855391,700.7905745435905,1.0
92.96483453964697,621.410863547845,2.0
862.3323581140979,873.1804060326623,2.0
576.4095835923824,394.12795614628726,2.0
732.1836629610706,861.5782386378222,3.0
814.4640200375115,941.2592721235368,2.0
314.0997725165047,623.2712813888353,1.0
938.8579775495277,285.1136638654651,3.0
911.7726650024931,825.8544451838632,0.0
514.0551378693913,571.1691572295009,0.0
877.3211587655654,770.571507085466,2.0
186.90672399636085,283.46644145244284,1.0
563.9644489146335,17.219207754494292,3.0
840.0231022463715,238.67835078262996,0.0
854.2305093388106,831.5214285556884,0.0
999.3625381699135,99.86822974327596,0.0
317.3032141599888,813.7515973769812,2.0
746.825505278309,472.08033973981907,0.0
570.6385106126717,610.3241374184711,0.0
677.2202000555689,536.3047304375858,3.0
942.7157007317245,978.0921728144257,1.0
678.8587512338167,177.92109816378513,3.0
604.7741884467425,916.7912669302617,3.0
468.56476927279067,19.48575827543685,0.0
685.8137950309879,43.06839103438255,1.0
905.3306829653361,727.8504375608125,3.0
784.4309308438833,312.86063945870296,0.0
454.35640469910464,86.83628805742015,1.0
854.7572242376793,511.6983607915058,0.0
667.9426637604502,619.6607163730669,1.0
348.33544817431977,304.4300721913619,3.0
0.2948818625461436,850.0474433231221,0.0
230.71519068188763,953.2389565861744,1.0
153.52153591497589,376.05840836645376,0.0
385.88413289371715,254.4412741570023,2.0
346.06993472685105,696.8646747228132,3.0
0.03928319129171631,688.0359759860462,0.0
231.57842765096464,674.2183041961056,1.0
965.2449117281798,352.9136159321471,3.0
323.25494353989217,573.4746426971071,0.0
726.3262971158834,466.52178218023124,2.0
22.587318755850312,939.3486980984038,2.0
965.7844658873769,562.7879722476588,2.0
530.0393400331855,197.32600301753132,3.0
680.5866565486411,111.2442099334343,3.0
294.0379387416078,858.9757496249681,0.0
952.9518145059658,708.6966589875491,1.0
621.8544292221475,644.8781811812496,0.0
103.00213364690461,723.7149829097046,1.0
410.2408951518088,944.5078002600167,3.0
190.4603308914644,474.4549364169941,1.0
806.5252656994815,644.6236125312709,2.0
266.8977140664778,467.4578300764635,3.0
886.8113736739768,187.63097702351703,1.0
646.4632443975457,118.95009486730716,3.0
20.43326047122735,308.1877642601035,2.0
202.41712564692867,226.64878226678286,2.0
480.01634337608976,919.2530239741344,0.0
312.95015537896006,430.54665011472855,2.0
370.9989218250854,923.4116929234267,3.0
935.7331773008891,891.901363040688,0.0
0.37539806356982564,941.8062084139045,1.0
273.6652573688435,284.0881484017984,0.0
161.94416771286342,916.9433816008752,3.0
717.9445461457037,598.6776200690975,2.0
836.3991129232126,738.7136039894151,3.0
2.7037455183236494,581.4979219277527,2.0
614.0770323561968,374.0387047454583,3.0
739.9184261964834,154.93019565232586,3.0
384.23714241219307,810.6102758746059,3.0
20.4374825509878,490.2086894363975,3.0
637.0009841450837,664.1093287508266,1.0
744.0554108675016,507.67065520793295,0.0
621.4660796260895,505.2663168025986,0.0
483.2851138483417,522.920466694597,2.0
695.440036137312,675.8183293988136,0.0
71.17924998069503,204.03297139458718,3.0
131.04870948093668,556.4827569116388,1.0
932.0971906900905,594.5707785985551,3.0
540.3661430104152,638.0992173010188,2.0
764.9404823650996,297.86437130862055,3.0
834.9445922658085,442.5759353271837,2.0
671.0051446636055,688.9381634460972,0.0
319.6862808498477,676.7729116731579,2.0
780.7409752636875,785.9871761241707,0.0
387.28309437796213,700.7228837873192,2.0
874.1678155635581,59.86838588989521,1.0
20.080597550780173,999.511865266956,3.0
330.1810713812982,371.31082357474696,2.0
24.36812315230259,681.563282147063,2.0
667.6739528367045,72.00427999717118,2.0
968.9854306165536,458.0412655189457,1.0
380.8266790477684,636.8180013887934,3.0
583.9084001308663,175.4668209398407,3.0
46.71733498158821,527.0559785140482,3.0
714.8533207350666,16.9223496279744,1.0
973.7762121935659,542.7754376746444,1.0
248.4443612724835,636.6425990775123,2.0
129.26159533562006,225.59509605574104,1.0
474.08234273665056,391.9059972707252,0.0
167.28474489581592,339.317661327775,0.0
55.27775314647166,788.1778622653449,0.0
999.5762789439863,579.4823035458077,3.0
875.061949974683,955.3099685512134,0.0
983.1738619367062,204.71775872572155,2.0
134.5611366332911,366.3984235221743,0.0
513.4260260908605,346.5571649231597,0.0
717.1316135326855,123.80875981590894,1.0
731.142705399993,775.9793942196461,2.0
951.3656189647165,637.7560064626362,3.0
674.1182933929562,493.1657917846462,1.0
898.5093144025631,608.6562060978168,2.0
132.61783304800073,158.0039754350526,1.0
936.0972113239667,68.8640322238507,0.0
910.3937051509987,418.19699038638896,2.0
940.468117715261,511.68161226070686,1.0
977.542908868868,979.8756216037256,1.0
105.45569457677055,52.4604763284034,2.0
708.0363120131262,159.95421391638436,1.0
761.8150715854111,161.45050305000615,1.0
509.8425776330208,824.7055504011856,0.0
480.87343923604107,668.5265620766711,0.0
228.51975175299748,73.11341684103263,2.0
44.87185952825026,170.66659826642606,0.0
104.73573564171517,893.4799252557258,2.0
345.44049714530456,467.0051803117497,3.0
920.9840284371379,912.7303065438838,0.0
589.7034979031331,221.1584444191129,3.0
741.5354145048113,800.3569603286071,2.0
152.61067643783616,167.95464606792092,3.0
779.002455698461,496.3694311874553,2.0
396.9186400500332,550.894496114403,1.0
822.1079713357435,880.3212848424902,1.0
686.4632498215,266.96372215244537,0.0
376.6972646072382,661.4961968788713,2.0
500.8758830821902,248.2613480583405,2.0
945.9621427179097,221.09348816123932,0.0
780.4678756283121,521.4783155866247,1.0
399.1022897301117,19.931022099247336,0.0
905.716977811594,291.251565390645,1.0
154.062431533652,700.0384985693368,1.0
933.9292669922995,671.4539498883343,2.0
264.5911323721058,959.0854532434435,2.0
800.6733764537616,846.8043948046418,3.0
345.661935463937,408.8369505585666,3.0
97.26308511328664,379.1905310132655,3.0
226.670872514312,159.09817563142465,2.0
269.6263420967663,798.4302521221191,2.0
889.448718461319,574.7306536998911,3.0
429.06431826404787,124.49610467546864,2.0
653.6172003446733,737.9234516271142,2.0
808.0665548749602,355.06986809919744,2.0
328.9273548385554,501.3178607109594,3.0
934.5839086973562,932.9255779919445,3.0
648.6111141663047,171.66571623163324,1.0
781.6610955269227,195.2502855918379,2.0
19.0502887574107,341.5448949398721,0.0
0.0,252.4440271017445,2.0
340.40211122941173,265.2842453840641,3.0
112.31668853415063,491.78364347754484,0.0
841.671264890607,202.93028596752677,0.0
550.0316395265738,52.551709570406764,0.0
25.13356987484647,753.8072533325457,1.0
516.4654578390115,159.34516270927531,3.0
776.056361408014,78.84878481846246,1.0
516.4046186667497,307.5100946939268,1.0
591.4345122873332,769.4628100792773,3.0
129.5494305415791,690.7269848630825,3.0
251.78484608788904,585.9288446131651,3.0
795.9504044258318,429.0421871747386,1.0
765.4896624708148,898.2967434458208,0.0
146.98331155199574,237.4728231578987,0.0
101.5217016112818,764.7025278653591,2.0
517.5691334286199,280.81964519318575,3.0
955.6889781441812,138.2132329119354,2.0
816.0926272809455,16.475569041557307,2.0
222.2624835845499,898.1182796081607,1.0
270.3451250970351,317.16884097127786,2.0
284.10805063624866,246.6524461474973,0.0
546.3970622261716,805.0067465901035,2.0
452.1516672344905,427.6050442520169,1.0
974.6051064697022,829.9216913314431,3.0
953.4486116294714,779.5302863983758,2.0
0.0,272.4474301790401,3.0
253.13454921751426,342.1134443875871,3.0
307.21666843212597,19.505446907484565,1.0
0.0,603.8674040257393,2.0
